{
  "escalation": {
    "escalated": 15,
    "total": 30,
    "rate": 0.5,
    "reasons": {
      "sensitive_category": 7,
      "low_confidence": 6,
      "risk_flag": 2
    }
  },
  "cost": {
    "n_calls": 45,
    "total_cost_usd": 0.411522,
    "cost_by_tier": {
      "T1": 0.14099399999999998,
      "T2": 0.27052800000000005
    },
    "p50_latency_ms": 0.0,
    "p95_latency_ms": 2827.7541670249775,
    "cache_hit_rate": 0.9111111111111111
  }
}