{
  "escalation": {
    "escalated": 15,
    "total": 30,
    "rate": 0.5,
    "reasons": {
      "sensitive_category": 7,
      "low_confidence": 6,
      "risk_flag": 2
    }
  },
  "cost": {
    "n_calls": 93,
    "total_cost_usd": 0.518703,
    "cost_by_tier": {
      "T1": 0.14099399999999998,
      "draft": 0.072093,
      "audit": 0.035087999999999994,
      "T2": 0.27052800000000005
    },
    "p50_latency_ms": 0.0,
    "p95_latency_ms": 0.0,
    "cache_hit_rate": 1.0
  }
}